--
-- Daten für Tabelle `resources_assign`
--

REPLACE INTO `resources_assign` (`assign_id`, `resource_id`, `assign_user_id`, `user_free_name`, `begin`, `end`, `repeat_end`, `repeat_quantity`, `repeat_interval`, `repeat_month_of_year`, `repeat_day_of_month`, `repeat_week_of_month`, `repeat_day_of_week`, `mkdate`, `chdate`, `comment_internal`) VALUES('01d8f7fcbceec88ced4833d2013a6a6d', '728f1578de643fb08b32b4b8afb2db77', 'c7abeea0415c0c34592ceb905395b1cd', '', 1516608000, 1516618800, 1516618800, 0, 0, 0, 0, 0, 0, 1510852662, 1510852662, NULL);
REPLACE INTO `resources_assign` (`assign_id`, `resource_id`, `assign_user_id`, `user_free_name`, `begin`, `end`, `repeat_end`, `repeat_quantity`, `repeat_interval`, `repeat_month_of_year`, `repeat_day_of_month`, `repeat_week_of_month`, `repeat_day_of_week`, `mkdate`, `chdate`, `comment_internal`) VALUES('254186ea1efcc2bb8c6edf0696c9148c', '51ad4b7100d3a8a1db61c7b099f052a6', '79f86505e4d51f7ef4eba2585dbd3dcb', '', 1513843200, 1513857600, 1513857600, 0, 0, 0, 0, 0, 0, 1510852677, 1510852677, NULL);
REPLACE INTO `resources_assign` (`assign_id`, `resource_id`, `assign_user_id`, `user_free_name`, `begin`, `end`, `repeat_end`, `repeat_quantity`, `repeat_interval`, `repeat_month_of_year`, `repeat_day_of_month`, `repeat_week_of_month`, `repeat_day_of_week`, `mkdate`, `chdate`, `comment_internal`) VALUES('28f793e5a0f010469762ecc4cd96a73a', '51ad4b7100d3a8a1db61c7b099f052a6', '08a43154abbbaaa027cd74b8dec7322b', '', 1517472000, 1517486400, 1517486400, 0, 0, 0, 0, 0, 0, 1510852677, 1510852677, NULL);
REPLACE INTO `resources_assign` (`assign_id`, `resource_id`, `assign_user_id`, `user_free_name`, `begin`, `end`, `repeat_end`, `repeat_quantity`, `repeat_interval`, `repeat_month_of_year`, `repeat_day_of_month`, `repeat_week_of_month`, `repeat_day_of_week`, `mkdate`, `chdate`, `comment_internal`) VALUES('37eb0d9acc6b3b664e47332bde21931d', '51ad4b7100d3a8a1db61c7b099f052a6', '0acc99519e0594a6c9286917b666d977', '', 1516262400, 1516276800, 1516276800, 0, 0, 0, 0, 0, 0, 1510852677, 1510852677, NULL);
REPLACE INTO `resources_assign` (`assign_id`, `resource_id`, `assign_user_id`, `user_free_name`, `begin`, `end`, `repeat_end`, `repeat_quantity`, `repeat_interval`, `repeat_month_of_year`, `repeat_day_of_month`, `repeat_week_of_month`, `repeat_day_of_week`, `mkdate`, `chdate`, `comment_internal`) VALUES('4dea9068382fc58e5771893ca4193ce7', '51ad4b7100d3a8a1db61c7b099f052a6', '5f8e62f6239ee847e45de8a442a4dbd7', '', 1510214400, 1510228800, 1510228800, 0, 0, 0, 0, 0, 0, 1510852677, 1510852677, NULL);
REPLACE INTO `resources_assign` (`assign_id`, `resource_id`, `assign_user_id`, `user_free_name`, `begin`, `end`, `repeat_end`, `repeat_quantity`, `repeat_interval`, `repeat_month_of_year`, `repeat_day_of_month`, `repeat_week_of_month`, `repeat_day_of_week`, `mkdate`, `chdate`, `comment_internal`) VALUES('503f20fe9dc049c1e45deab1bb460109', '728f1578de643fb08b32b4b8afb2db77', 'cca38b9c3f9166ed2023111a2dc629a4', '', 1510560000, 1510570800, 1510570800, 0, 0, 0, 0, 0, 0, 1510852662, 1510852662, NULL);
REPLACE INTO `resources_assign` (`assign_id`, `resource_id`, `assign_user_id`, `user_free_name`, `begin`, `end`, `repeat_end`, `repeat_quantity`, `repeat_interval`, `repeat_month_of_year`, `repeat_day_of_month`, `repeat_week_of_month`, `repeat_day_of_week`, `mkdate`, `chdate`, `comment_internal`) VALUES('63a9f92be5af8ed202642e6dbc9cc4e1', '51ad4b7100d3a8a1db61c7b099f052a6', 'b7694d2c828cc16ae3f50ca822b7ad4e', '', 1509001200, 1509015600, 1509015600, 0, 0, 0, 0, 0, 0, 1510852677, 1510852677, NULL);
REPLACE INTO `resources_assign` (`assign_id`, `resource_id`, `assign_user_id`, `user_free_name`, `begin`, `end`, `repeat_end`, `repeat_quantity`, `repeat_interval`, `repeat_month_of_year`, `repeat_day_of_month`, `repeat_week_of_month`, `repeat_day_of_week`, `mkdate`, `chdate`, `comment_internal`) VALUES('6b1e9081c54c3b0aedd54ef65aaa78b8', '728f1578de643fb08b32b4b8afb2db77', '16a789089be8e81fc576bc27e31dc23b', '', 1509350400, 1509361200, 1509361200, 0, 0, 0, 0, 0, 0, 1510852662, 1510852662, NULL);
REPLACE INTO `resources_assign` (`assign_id`, `resource_id`, `assign_user_id`, `user_free_name`, `begin`, `end`, `repeat_end`, `repeat_quantity`, `repeat_interval`, `repeat_month_of_year`, `repeat_day_of_month`, `repeat_week_of_month`, `repeat_day_of_week`, `mkdate`, `chdate`, `comment_internal`) VALUES('6c408d3547bf88a2040f34836ac61a0d', '728f1578de643fb08b32b4b8afb2db77', '01b5c569ef30f85c03481f7c05653f34', '', 1511769600, 1511780400, 1511780400, 0, 0, 0, 0, 0, 0, 1510852662, 1510852662, NULL);
REPLACE INTO `resources_assign` (`assign_id`, `resource_id`, `assign_user_id`, `user_free_name`, `begin`, `end`, `repeat_end`, `repeat_quantity`, `repeat_interval`, `repeat_month_of_year`, `repeat_day_of_month`, `repeat_week_of_month`, `repeat_day_of_week`, `mkdate`, `chdate`, `comment_internal`) VALUES('8bc4ad113da85aec665689ee2d25089e', '728f1578de643fb08b32b4b8afb2db77', '61f9529ddfbc18a8d402ac1f58878b88', '', 1515398400, 1515409200, 1515409200, 0, 0, 0, 0, 0, 0, 1510852662, 1510852662, NULL);
REPLACE INTO `resources_assign` (`assign_id`, `resource_id`, `assign_user_id`, `user_free_name`, `begin`, `end`, `repeat_end`, `repeat_quantity`, `repeat_interval`, `repeat_month_of_year`, `repeat_day_of_month`, `repeat_week_of_month`, `repeat_day_of_week`, `mkdate`, `chdate`, `comment_internal`) VALUES('9724c1a02d756e7932459df7ab0a9e8a', '51ad4b7100d3a8a1db61c7b099f052a6', '3b1196fec2df6251c02a1e36b5c86f75', '', 1511424000, 1511438400, 1511438400, 0, 0, 0, 0, 0, 0, 1510852677, 1510852677, NULL);
REPLACE INTO `resources_assign` (`assign_id`, `resource_id`, `assign_user_id`, `user_free_name`, `begin`, `end`, `repeat_end`, `repeat_quantity`, `repeat_interval`, `repeat_month_of_year`, `repeat_day_of_month`, `repeat_week_of_month`, `repeat_day_of_week`, `mkdate`, `chdate`, `comment_internal`) VALUES('c64177a8cb8dffa7fb92b2b9a842097f', '728f1578de643fb08b32b4b8afb2db77', 'ea87dc8b5a3bb5f796c13cc82264cd5f', '', 1512979200, 1512990000, 1512990000, 0, 0, 0, 0, 0, 0, 1510852662, 1510852662, NULL);
REPLACE INTO `resources_assign` (`assign_id`, `resource_id`, `assign_user_id`, `user_free_name`, `begin`, `end`, `repeat_end`, `repeat_quantity`, `repeat_interval`, `repeat_month_of_year`, `repeat_day_of_month`, `repeat_week_of_month`, `repeat_day_of_week`, `mkdate`, `chdate`, `comment_internal`) VALUES('decae80dd09c3ef3cb1eeb0d2feec6f1', '51ad4b7100d3a8a1db61c7b099f052a6', 'cf82cfa1c1e524ba11ee973396fa06f4', '', 1512633600, 1512648000, 1512648000, 0, 0, 0, 0, 0, 0, 1510852677, 1510852677, NULL);
REPLACE INTO `resources_assign` (`assign_id`, `resource_id`, `assign_user_id`, `user_free_name`, `begin`, `end`, `repeat_end`, `repeat_quantity`, `repeat_interval`, `repeat_month_of_year`, `repeat_day_of_month`, `repeat_week_of_month`, `repeat_day_of_week`, `mkdate`, `chdate`, `comment_internal`) VALUES('f082e114b157cf5943369e7470481c56', '728f1578de643fb08b32b4b8afb2db77', 'b0b6f6aade8763bd0e56bf8215b61541', '', 1508137200, 1508148000, 1508148000, 0, 0, 0, 0, 0, 0, 1510852662, 1510852662, NULL);

--
-- Daten für Tabelle `resources_objects`
--

REPLACE INTO `resources_objects` (`resource_id`, `root_id`, `parent_id`, `category_id`, `owner_id`, `institut_id`, `level`, `name`, `description`, `lockable`, `multiple_assign`, `mkdate`, `chdate`) VALUES('0ff09e4f5a729981e978d970f9d970cb', '0ff09e4f5a729981e978d970f9d970cb', '0', '', '76ed43ef286fb55cf9e41beadb484a9f', '', 0, 'Gebäude', '', 0, 0, 1084640001, 1084640009);
REPLACE INTO `resources_objects` (`resource_id`, `root_id`, `parent_id`, `category_id`, `owner_id`, `institut_id`, `level`, `name`, `description`, `lockable`, `multiple_assign`, `mkdate`, `chdate`) VALUES('f37cbb74e9c9a8a0539bac1f3d6c1e96', 'f37cbb74e9c9a8a0539bac1f3d6c1e96', '0', '', '76ed43ef286fb55cf9e41beadb484a9f', '', 0, 'Geräte', 'Dieses Objekt kennzeichnet eine Hierachie und kann jederzeit in eine Ressource umgewandelt werden', 0, 0, 1084640011, 1084640036);
REPLACE INTO `resources_objects` (`resource_id`, `root_id`, `parent_id`, `category_id`, `owner_id`, `institut_id`, `level`, `name`, `description`, `lockable`, `multiple_assign`, `mkdate`, `chdate`) VALUES('8a57860ca2be4cc3a77c06c1d346ea57', '0ff09e4f5a729981e978d970f9d970cb', '0ff09e4f5a729981e978d970f9d970cb', '3cbcc99c39476b8e2c8eef5381687461', '76ed43ef286fb55cf9e41beadb484a9f', '', 1, 'Hörsaalgebäude', 'Dieses Objekt wurde neu erstellt. Es wurden noch keine Eigenschaften zugewiesen.', 0, 1, 1084640042, 1084640452);
REPLACE INTO `resources_objects` (`resource_id`, `root_id`, `parent_id`, `category_id`, `owner_id`, `institut_id`, `level`, `name`, `description`, `lockable`, `multiple_assign`, `mkdate`, `chdate`) VALUES('6350c6ae2ec6fd8bd852d505789d0666', '0ff09e4f5a729981e978d970f9d970cb', '0ff09e4f5a729981e978d970f9d970cb', '3cbcc99c39476b8e2c8eef5381687461', '76ed43ef286fb55cf9e41beadb484a9f', '', 1, 'Übungsgebäude', 'Dieses Objekt wurde neu erstellt. Es wurden noch keine Eigenschaften zugewiesen.', 0, 1, 1084640386, 1084640429);
REPLACE INTO `resources_objects` (`resource_id`, `root_id`, `parent_id`, `category_id`, `owner_id`, `institut_id`, `level`, `name`, `description`, `lockable`, `multiple_assign`, `mkdate`, `chdate`) VALUES('728f1578de643fb08b32b4b8afb2db77', '0ff09e4f5a729981e978d970f9d970cb', '8a57860ca2be4cc3a77c06c1d346ea57', '85d62e2a8a87a2924db8fc4ed3fde09d', '76ed43ef286fb55cf9e41beadb484a9f', '', 2, 'Hörsaal 1', 'Dieses Objekt wurde neu erstellt. Es wurden noch keine Eigenschaften zugewiesen.', 0, 0, 1084640456, 1084640468);
REPLACE INTO `resources_objects` (`resource_id`, `root_id`, `parent_id`, `category_id`, `owner_id`, `institut_id`, `level`, `name`, `description`, `lockable`, `multiple_assign`, `mkdate`, `chdate`) VALUES('b17c4ea6e053f2fffba8a5517fc277b3', '0ff09e4f5a729981e978d970f9d970cb', '8a57860ca2be4cc3a77c06c1d346ea57', '85d62e2a8a87a2924db8fc4ed3fde09d', '76ed43ef286fb55cf9e41beadb484a9f', '', 2, 'Hörsaal 2', 'Dieses Objekt wurde neu erstellt. Es wurden noch keine Eigenschaften zugewiesen.', 0, 0, 1084640520, 1084640528);
REPLACE INTO `resources_objects` (`resource_id`, `root_id`, `parent_id`, `category_id`, `owner_id`, `institut_id`, `level`, `name`, `description`, `lockable`, `multiple_assign`, `mkdate`, `chdate`) VALUES('2f98bf64830043fd98a39fbbe2068678', '0ff09e4f5a729981e978d970f9d970cb', '8a57860ca2be4cc3a77c06c1d346ea57', '85d62e2a8a87a2924db8fc4ed3fde09d', '76ed43ef286fb55cf9e41beadb484a9f', '', 2, 'Hörsaal 3', 'Dieses Objekt wurde neu erstellt. Es wurden noch keine Eigenschaften zugewiesen.', 0, 0, 1084640542, 1084640555);
REPLACE INTO `resources_objects` (`resource_id`, `root_id`, `parent_id`, `category_id`, `owner_id`, `institut_id`, `level`, `name`, `description`, `lockable`, `multiple_assign`, `mkdate`, `chdate`) VALUES('51ad4b7100d3a8a1db61c7b099f052a6', '0ff09e4f5a729981e978d970f9d970cb', '6350c6ae2ec6fd8bd852d505789d0666', '5a72dfe3f0c0295a8fe4e12c86d4c8f4', '76ed43ef286fb55cf9e41beadb484a9f', '', 2, 'Seminarraum 1', 'Dieses Objekt wurde neu erstellt. Es wurden noch keine Eigenschaften zugewiesen.', 0, 0, 1084640567, 1084640578);
REPLACE INTO `resources_objects` (`resource_id`, `root_id`, `parent_id`, `category_id`, `owner_id`, `institut_id`, `level`, `name`, `description`, `lockable`, `multiple_assign`, `mkdate`, `chdate`) VALUES('a8c03520e8ad9dc90fb2d161ffca7d7b', '0ff09e4f5a729981e978d970f9d970cb', '6350c6ae2ec6fd8bd852d505789d0666', '5a72dfe3f0c0295a8fe4e12c86d4c8f4', '76ed43ef286fb55cf9e41beadb484a9f', '', 2, 'Seminarraum 2', 'Dieses Objekt wurde neu erstellt. Es wurden noch keine Eigenschaften zugewiesen.', 0, 0, 1084640590, 1084640599);
REPLACE INTO `resources_objects` (`resource_id`, `root_id`, `parent_id`, `category_id`, `owner_id`, `institut_id`, `level`, `name`, `description`, `lockable`, `multiple_assign`, `mkdate`, `chdate`) VALUES('5ead77812be3b601e2f08ed5da4c5630', '0ff09e4f5a729981e978d970f9d970cb', '6350c6ae2ec6fd8bd852d505789d0666', '5a72dfe3f0c0295a8fe4e12c86d4c8f4', '76ed43ef286fb55cf9e41beadb484a9f', '', 2, 'Seminarraum 3', 'Dieses Objekt wurde neu erstellt. Es wurden noch keine Eigenschaften zugewiesen.', 0, 0, 1084640611, 1084723704);
REPLACE INTO `resources_objects` (`resource_id`, `root_id`, `parent_id`, `category_id`, `owner_id`, `institut_id`, `level`, `name`, `description`, `lockable`, `multiple_assign`, `mkdate`, `chdate`) VALUES('52b435cbdd021bcc5cd78835de2b4f57', 'f37cbb74e9c9a8a0539bac1f3d6c1e96', 'f37cbb74e9c9a8a0539bac1f3d6c1e96', 'f3351baeca8776d4ffe4b672f568cbed', '76ed43ef286fb55cf9e41beadb484a9f', '', 1, 'Beamer', 'Dieses Objekt wurde neu erstellt. Es wurden noch keine Eigenschaften zugewiesen.', 0, 0, 1084640739, 1084640748);
REPLACE INTO `resources_objects` (`resource_id`, `root_id`, `parent_id`, `category_id`, `owner_id`, `institut_id`, `level`, `name`, `description`, `lockable`, `multiple_assign`, `mkdate`, `chdate`) VALUES('ffacb5f74be406a524a380f1c135ee02', 'f37cbb74e9c9a8a0539bac1f3d6c1e96', 'f37cbb74e9c9a8a0539bac1f3d6c1e96', 'f3351baeca8776d4ffe4b672f568cbed', '76ed43ef286fb55cf9e41beadb484a9f', '', 1, 'Tageslichtprojektor', 'Dieses Objekt wurde neu erstellt. Es wurden noch keine Eigenschaften zugewiesen.', 0, 0, 1084640761, 1084640778);

--
-- Daten für Tabelle `resources_objects_properties`
--

REPLACE INTO `resources_objects_properties` (`resource_id`, `property_id`, `state`) VALUES('6350c6ae2ec6fd8bd852d505789d0666', 'c4f13691419a6c12d38ad83daa926c7c', 'Liebigstr. 1');
REPLACE INTO `resources_objects_properties` (`resource_id`, `property_id`, `state`) VALUES('6350c6ae2ec6fd8bd852d505789d0666', 'b79b77f40706ed598f5403f953c1f791', 'on');
REPLACE INTO `resources_objects_properties` (`resource_id`, `property_id`, `state`) VALUES('8a57860ca2be4cc3a77c06c1d346ea57', 'c4f13691419a6c12d38ad83daa926c7c', 'Universitätsstr. 1');
REPLACE INTO `resources_objects_properties` (`resource_id`, `property_id`, `state`) VALUES('8a57860ca2be4cc3a77c06c1d346ea57', 'b79b77f40706ed598f5403f953c1f791', 'on');
REPLACE INTO `resources_objects_properties` (`resource_id`, `property_id`, `state`) VALUES('728f1578de643fb08b32b4b8afb2db77', '44fd30e8811d0d962582fa1a9c452bdd', '500');
REPLACE INTO `resources_objects_properties` (`resource_id`, `property_id`, `state`) VALUES('728f1578de643fb08b32b4b8afb2db77', '7c1a8f6001cfdcb9e9c33eeee0ef343d', 'on');
REPLACE INTO `resources_objects_properties` (`resource_id`, `property_id`, `state`) VALUES('728f1578de643fb08b32b4b8afb2db77', 'b79b77f40706ed598f5403f953c1f791', 'on');
REPLACE INTO `resources_objects_properties` (`resource_id`, `property_id`, `state`) VALUES('728f1578de643fb08b32b4b8afb2db77', '613cfdf6aa1072e21a1edfcfb0445c69', 'on');
REPLACE INTO `resources_objects_properties` (`resource_id`, `property_id`, `state`) VALUES('728f1578de643fb08b32b4b8afb2db77', 'afb8675e2257c03098aa34b2893ba686', 'on');
REPLACE INTO `resources_objects_properties` (`resource_id`, `property_id`, `state`) VALUES('728f1578de643fb08b32b4b8afb2db77', '1f8cef2b614382e36eaa4a29f6027edf', 'on');
REPLACE INTO `resources_objects_properties` (`resource_id`, `property_id`, `state`) VALUES('728f1578de643fb08b32b4b8afb2db77', '28addfe18e86cc3587205734c8bc2372', 'on');
REPLACE INTO `resources_objects_properties` (`resource_id`, `property_id`, `state`) VALUES('b17c4ea6e053f2fffba8a5517fc277b3', '44fd30e8811d0d962582fa1a9c452bdd', '150');
REPLACE INTO `resources_objects_properties` (`resource_id`, `property_id`, `state`) VALUES('b17c4ea6e053f2fffba8a5517fc277b3', '7c1a8f6001cfdcb9e9c33eeee0ef343d', 'on');
REPLACE INTO `resources_objects_properties` (`resource_id`, `property_id`, `state`) VALUES('b17c4ea6e053f2fffba8a5517fc277b3', 'b79b77f40706ed598f5403f953c1f791', 'on');
REPLACE INTO `resources_objects_properties` (`resource_id`, `property_id`, `state`) VALUES('b17c4ea6e053f2fffba8a5517fc277b3', '28addfe18e86cc3587205734c8bc2372', '');
REPLACE INTO `resources_objects_properties` (`resource_id`, `property_id`, `state`) VALUES('2f98bf64830043fd98a39fbbe2068678', '44fd30e8811d0d962582fa1a9c452bdd', '25');
REPLACE INTO `resources_objects_properties` (`resource_id`, `property_id`, `state`) VALUES('2f98bf64830043fd98a39fbbe2068678', 'b79b77f40706ed598f5403f953c1f791', 'on');
REPLACE INTO `resources_objects_properties` (`resource_id`, `property_id`, `state`) VALUES('2f98bf64830043fd98a39fbbe2068678', '613cfdf6aa1072e21a1edfcfb0445c69', 'on');
REPLACE INTO `resources_objects_properties` (`resource_id`, `property_id`, `state`) VALUES('2f98bf64830043fd98a39fbbe2068678', '28addfe18e86cc3587205734c8bc2372', 'on');
REPLACE INTO `resources_objects_properties` (`resource_id`, `property_id`, `state`) VALUES('51ad4b7100d3a8a1db61c7b099f052a6', '44fd30e8811d0d962582fa1a9c452bdd', '25');
REPLACE INTO `resources_objects_properties` (`resource_id`, `property_id`, `state`) VALUES('51ad4b7100d3a8a1db61c7b099f052a6', '613cfdf6aa1072e21a1edfcfb0445c69', 'on');
REPLACE INTO `resources_objects_properties` (`resource_id`, `property_id`, `state`) VALUES('51ad4b7100d3a8a1db61c7b099f052a6', 'afb8675e2257c03098aa34b2893ba686', 'on');
REPLACE INTO `resources_objects_properties` (`resource_id`, `property_id`, `state`) VALUES('51ad4b7100d3a8a1db61c7b099f052a6', '28addfe18e86cc3587205734c8bc2372', 'on');
REPLACE INTO `resources_objects_properties` (`resource_id`, `property_id`, `state`) VALUES('a8c03520e8ad9dc90fb2d161ffca7d7b', '44fd30e8811d0d962582fa1a9c452bdd', '30');
REPLACE INTO `resources_objects_properties` (`resource_id`, `property_id`, `state`) VALUES('a8c03520e8ad9dc90fb2d161ffca7d7b', '7c1a8f6001cfdcb9e9c33eeee0ef343d', 'on');
REPLACE INTO `resources_objects_properties` (`resource_id`, `property_id`, `state`) VALUES('a8c03520e8ad9dc90fb2d161ffca7d7b', 'b79b77f40706ed598f5403f953c1f791', 'on');
REPLACE INTO `resources_objects_properties` (`resource_id`, `property_id`, `state`) VALUES('a8c03520e8ad9dc90fb2d161ffca7d7b', '613cfdf6aa1072e21a1edfcfb0445c69', 'on');
REPLACE INTO `resources_objects_properties` (`resource_id`, `property_id`, `state`) VALUES('a8c03520e8ad9dc90fb2d161ffca7d7b', 'afb8675e2257c03098aa34b2893ba686', 'on');
REPLACE INTO `resources_objects_properties` (`resource_id`, `property_id`, `state`) VALUES('a8c03520e8ad9dc90fb2d161ffca7d7b', '28addfe18e86cc3587205734c8bc2372', 'on');
REPLACE INTO `resources_objects_properties` (`resource_id`, `property_id`, `state`) VALUES('5ead77812be3b601e2f08ed5da4c5630', '44fd30e8811d0d962582fa1a9c452bdd', '15');
REPLACE INTO `resources_objects_properties` (`resource_id`, `property_id`, `state`) VALUES('5ead77812be3b601e2f08ed5da4c5630', 'afb8675e2257c03098aa34b2893ba686', 'on');
REPLACE INTO `resources_objects_properties` (`resource_id`, `property_id`, `state`) VALUES('5ead77812be3b601e2f08ed5da4c5630', '1f8cef2b614382e36eaa4a29f6027edf', 'on');
REPLACE INTO `resources_objects_properties` (`resource_id`, `property_id`, `state`) VALUES('52b435cbdd021bcc5cd78835de2b4f57', 'c4352a580051a81830ef5980941c9e06', '123456789');
REPLACE INTO `resources_objects_properties` (`resource_id`, `property_id`, `state`) VALUES('52b435cbdd021bcc5cd78835de2b4f57', 'cb8140efbc2af5362b1159c65deeec9e', 'Sony');
REPLACE INTO `resources_objects_properties` (`resource_id`, `property_id`, `state`) VALUES('52b435cbdd021bcc5cd78835de2b4f57', '39c73942e1c1650fa20c7259be96b3f3', '123132dffd5');
REPLACE INTO `resources_objects_properties` (`resource_id`, `property_id`, `state`) VALUES('ffacb5f74be406a524a380f1c135ee02', 'c4352a580051a81830ef5980941c9e06', '225566');
REPLACE INTO `resources_objects_properties` (`resource_id`, `property_id`, `state`) VALUES('ffacb5f74be406a524a380f1c135ee02', 'cb8140efbc2af5362b1159c65deeec9e', 'Telefunken');
REPLACE INTO `resources_objects_properties` (`resource_id`, `property_id`, `state`) VALUES('ffacb5f74be406a524a380f1c135ee02', '39c73942e1c1650fa20c7259be96b3f3', 'wwqw');
REPLACE INTO `resources_objects_properties` (`resource_id`, `property_id`, `state`) VALUES('5ead77812be3b601e2f08ed5da4c5630', '28addfe18e86cc3587205734c8bc2372', '');

--
-- Dumping data for table `resources_requests`
--

REPLACE INTO `resources_requests` (`request_id`, `seminar_id`, `termin_id`, `metadate_id`, `user_id`, `last_modified_by`, `resource_id`, `category_id`, `comment`, `reply_comment`, `reply_recipients`, `closed`, `mkdate`, `chdate`) VALUES('f639f9f617c9806c2bdf33b0a2f5d3f6', 'a07535cf2f8a72df33c12ddfa4b53dde', '9ff59e18112a686c553412761a5df85c', '', '76ed43ef286fb55cf9e41beadb484a9f', '76ed43ef286fb55cf9e41beadb484a9f', '51ad4b7100d3a8a1db61c7b099f052a6', '5a72dfe3f0c0295a8fe4e12c86d4c8f4', '', NULL, 'requester', 0, 1510852746, 1510852746);

--
-- Dumping data for table `resources_requests_properties`
--

REPLACE INTO `resources_requests_properties` (`request_id`, `property_id`, `state`, `mkdate`, `chdate`) VALUES('f639f9f617c9806c2bdf33b0a2f5d3f6', '44fd30e8811d0d962582fa1a9c452bdd', '10', 1510852746, 1510852746);


